[
  {
    
    "Name": "Kia Picanto Front Left Headlight 2007-2010",
    "Manufacture": "Depo",
    "ModelNumber": "223-1128L-LD-E",
    "Details": " Depo high quality",
    "ImgPath": "/img/0_0_1.webp",
    "Price": 920,
    "BrandId": 1,
    "CategoryId": 1,
    "Count": 5
  },
  {
    
    "Name": "Left Inner Fender Kia Picanto 2014 / 2017",
    "Manufacture": "HNH",
    "ModelNumber": "90217",
    "Details": "Brand HNH High Quality  \u0026 Made in Korea",
    "ImgPath": "/img/0_0_2.webp",
    "Price": 170,
    "BrandId": 1,
    "CategoryId": 1,
    "Count": 1
  },
  {
    
    "Name": "Rear Right Headlight Kia Rio 2012 / 2017 ",
    "Manufacture": "Depo",
    "ModelNumber": "323-1942R-UQ",
    "Details": "Brand High Quality",
    "ImgPath": "/img/0_0_3.webp",
    "Price": 690,
    "BrandId": 1,
    "CategoryId": 1,
    "Count": 2
  },
  {
    
    "Name": "BOSCH Oil Filter 0986452041",
    "Manufacture": "Bosch",
    "ModelNumber": "0986452041",
    "Details": "Filter type:Screw-on Filter",
    "ImgPath": "/img/1_0_1.webp",
    "Price": 145,
    "BrandId": 1,
    "CategoryId": 2,
    "Count": 1
  },
  {
    
    "Name": "Air Filter housing Cerato FORTE / ELANTRA HD",
    "Manufacture": "HNH",
    "ModelNumber": "90164",
    "Details": "Brand HNH High Quality ",
    "ImgPath": "/img/1_0_2.webp",
    "Price": 400,
    "BrandId": 1,
    "CategoryId": 2,
    "Count": 5
  },
  {
    
    "Name": "Fuel Filter Kia Cerato 2014 / 2018",
    "Manufacture": "DAEWH",
    "ModelNumber": "QA31910-2H000",
    "Details": "Brand Daewha High Quality",
    "ImgPath": "/img/1_0_3.webp",
    "Price": 220,
    "BrandId": 1,
    "CategoryId": 2,
    "Count": 5
  },
  {
    
    "Name": "Bosch Alternator Belt 6PK955",
    "Manufacture": "Bosch",
    "ModelNumber": "1987946298",
    "Details": "Length [mm] 955",
    "ImgPath": "/img/2_0_1.webp",
    "Price": 160,
    "BrandId": 1,
    "CategoryId": 3,
    "Count": 5
  },
  {
    
    "Name": "BANDO V-Ribbed Belts 4pk675",
    "Manufacture": "Bando",
    "ModelNumber": "bn4pk675",
    "Details": "Number of ribs:4",
    "ImgPath": "/img/2_0_2.webp",
    "Price": 60,
    "BrandId": 1,
    "CategoryId": 3,
    "Count": 1
  },
  {
    
    "Name": "BANDO Alternator Belt 4pk812",
    "Manufacture": "Bando",
    "ModelNumber": "bn4pk812",
    "Details": "Length [mm]:812",
    "ImgPath": "/img/2_0_3.webp",
    "Price": 70,
    "BrandId": 1,
    "CategoryId": 3,
    "Count": 5
  },
  {
    
    "Name": "Original HSC Front Wheel Bearing HYUNDAI",
    "Manufacture": "HSC",
    "ModelNumber": "77100",
    "Details": "MADE IN KOREA",
    "ImgPath": "/img/3_0_1.webp",
    "Price": 270,
    "BrandId": 1,
    "CategoryId": 4,
    "Count": 5
  },
  {
    
    "Name": "Original HSC Tensioner Pulley KIA Rio / Sephia",
    "Manufacture": "HSC",
    "ModelNumber": "72050/72060",
    "Details": "MADE IN KOREA",
    "ImgPath": "/img/3_0_2.webp",
    "Price": 360,
    "BrandId": 1,
    "CategoryId": 4,
    "Count": 5
  },
  {
    
    "Name": "Original Idler Pulley Hyundai -kia",
    "Manufacture": "Mobis",
    "ModelNumber": "13038",
    "Details": "Brand MOBIS High Quality",
    "ImgPath": "/img/3_0_3.webp",
    "Price": 400,
    "BrandId": 1,
    "CategoryId": 4,
    "Count": 5
  },
  {
    
    "Name": "A/C \u0026 Radiator Cooling Fan Kia Cerato 2013 / 2014",
    "Manufacture": "NSM",
    "ModelNumber": "RAD-3X000",
    "Details": "Made in Korea",
    "ImgPath": "/img/4_0_1.webp",
    "Price": 700,
    "BrandId": 1,
    "CategoryId": 5,
    "Count": 5
  },
  {
    
    "Name": "Lower Water Hose Radiator Kia Cerato 2010-2013",
    "Manufacture": "Bosung",
    "ModelNumber": "26064",
    "Details": "Made in Korea",
    "ImgPath": "/img/4_0_2.webp",
    "Price": 160,
    "BrandId": 1,
    "CategoryId": 5,
    "Count": 5
  },
  {
    
    "Name": "NISSENS Oil Cooler, engine oil 90777",
    "Manufacture": "NISSENS",
    "ModelNumber": "90777",
    "Details": "Aluminium/Aluminium",
    "ImgPath": "/img/4_0_3.webp",
    "Price": 725,
    "BrandId": 1,
    "CategoryId": 5,
    "Count": 5
  },
  {
    
    "Name": "Original Right Mirror HYUNDAI GETZ",
    "Manufacture": "HYUNDAI Genuine Parts",
    "ModelNumber": "876201C200CA",
    "Details": "This product comes to you with GB Auto warranty",
    "ImgPath": "/img/0_1_1.webp",
    "Price": 1140,
    "BrandId": 2,
    "CategoryId": 1,
    "Count": 5
  },
  {
    
    "Name": "Right Rear Light Hyundai Getz 2006-2011",
    "Manufacture": "China",
    "ModelNumber": "Depo",
    "Details": "221-1936R-UE",
    "ImgPath": "/img/0_1_2.webp",
    "Price": 345,
    "BrandId": 2,
    "CategoryId": 1,
    "Count": 5
  },
  {
    
    "Name": "Front Left Inner Fender Hyundai Accent 1998 / 2005",
    "Manufacture": "Egyptian",
    "ModelNumber": "990564",
    "Details": "Made in Egypt",
    "ImgPath": "/img/0_1_3.webp",
    "Price": 92,
    "BrandId": 2,
    "CategoryId": 1,
    "Count": 5
  },
  {
    
    "Name": "Original Oil Filter HYUNDAI",
    "Manufacture": "HYUNDAI Genuine Parts",
    "ModelNumber": "2630035505",
    "Details": "This product comes to you with GB Auto warranty",
    "ImgPath": "/img/1_1_1.webp",
    "Price": 250,
    "BrandId": 2,
    "CategoryId": 2,
    "Count": 5
  },
  {
    
    "Name": "Oil Filter KIA-Hyundai ",
    "Manufacture": "PHG",
    "ModelNumber": "PHG-KH-P960",
    "Details": "Oil Filter KIA Carens  2010-2014",
    "ImgPath": "/img/1_1_2.webp",
    "Price": 55,
    "BrandId": 2,
    "CategoryId": 2,
    "Count": 5
  },
  {
    
    "Name": "Cabin Air Filter Hyundai i10 2007-2013",
    "Manufacture": "RealSton",
    "ModelNumber": "23036",
    "Details": "Made in Korea",
    "ImgPath": "/img/1_1_3.webp",
    "Price": 125,
    "BrandId": 2,
    "CategoryId": 2,
    "Count": 5
  },
  {
    
    "Name": "Bosch Alternator Belt 6PK955 ",
    "Manufacture": "Bosch",
    "ModelNumber": "1987946298",
    "Details": "Weight 0.25",
    "ImgPath": "/img/2_1_1.webp",
    "Price": 160,
    "BrandId": 2,
    "CategoryId": 3,
    "Count": 5
  },
  {
    
    "Name": "BANDO Alternator Belt 4pk812",
    "Manufacture": "Bando",
    "ModelNumber": "bn4pk812",
    "Details": "Number of ribs:4",
    "ImgPath": "/img/2_1_2.webp",
    "Price": 70,
    "BrandId": 2,
    "CategoryId": 3,
    "Count": 5
  },
  {
    
    "Name": "BANDO V-Ribbed Belts 4pk675",
    "Manufacture": "Bando",
    "ModelNumber": "bn4pk675",
    "Details": "Length [mm]:675",
    "ImgPath": "/img/2_1_3.webp",
    "Price": 60,
    "BrandId": 2,
    "CategoryId": 3,
    "Count": 5
  },
  {
    
    "Name": "Original HSC Clutch Kit Atos / Picanto / I10",
    "Manufacture": "HSC",
    "ModelNumber": "71004",
    "Details": "Centering Diamete20 mm",
    "ImgPath": "/img/3_1_1.webp",
    "Price": 180,
    "BrandId": 2,
    "CategoryId": 4,
    "Count": 5
  },
  {
    
    "Name": "Pulley Idler Tensioner Bearing Hyundai Elantra 2000-2006",
    "Manufacture": "Original",
    "ModelNumber": "H2481026020",
    "Details": "Pulley Idler Tensioner",
    "ImgPath": "/img/3_1_2.webp",
    "Price": 290,
    "BrandId": 2,
    "CategoryId": 4,
    "Count": 5
  },
  {
    
    "Name": "ATC - Tensioner Pulley OEM 252812b010",
    "Manufacture": "ATC",
    "ModelNumber": "34302-72",
    "Details": "AUTO TOP CO., LTD. are a Korean ",
    "ImgPath": "/img/3_1_3.webp",
    "Price": 550,
    "BrandId": 2,
    "CategoryId": 4,
    "Count": 5
  },
  {
    
    "Name": "HYUNDAI EXCEL conditioning roller",
    "Manufacture": "HSC",
    "ModelNumber": "70264",
    "Details": "HYUNDAI EXCEL conditioning roller",
    "ImgPath": "/img/4_1_1.webp",
    "Price": 200,
    "BrandId": 2,
    "CategoryId": 5,
    "Count": 5
  },
  {
    
    "Name": "Radiator Automatic Hyundai Elantra MD 2010-2015",
    "Manufacture": "Denso",
    "ModelNumber": "106890",
    "Details": "Original Brand",
    "ImgPath": "/img/4_1_2.webp",
    "Price": 1340,
    "BrandId": 2,
    "CategoryId": 5,
    "Count": 5
  },
  {
    
    "Name": "Radiator Cooling Fan Hyundai Verna 2003 / 2018",
    "Manufacture": "NSM",
    "ModelNumber": "RAD-25000",
    "Details": "Made in Korea",
    "ImgPath": "/img/4_1_3.webp",
    "Price": 460,
    "BrandId": 2,
    "CategoryId": 5,
    "Count": 5
  },
  {
    
    "Name": "Front Left Headlight Toyota Prado 2003-2008",
    "Manufacture": "Depo",
    "ModelNumber": "212-11D7L-LD-EM",
    "Details": "Depo high quality",
    "ImgPath": "/img/0_2_1.webp",
    "Price": 999,
    "BrandId": 3,
    "CategoryId": 1,
    "Count": 5
  },
  {
    
    "Name": "Right Rear Light Toyota Land Cruiser- Prado 2003/2008",
    "Manufacture": "Depo",
    "ModelNumber": "212-19G5R-UE",
    "Details": "Depo high quality",
    "ImgPath": "/img/0_2_2.webp",
    "Price": 555,
    "BrandId": 3,
    "CategoryId": 1,
    "Count": 5
  },
  {
    
    "Name": "Right side mirror Toyota Yaris 2005-2013",
    "Manufacture": "YYM",
    "ModelNumber": "YY-798ER",
    "Details": "Brand YYM Taiwan High Quality",
    "ImgPath": "/img/0_2_3.webp",
    "Price": 360,
    "BrandId": 3,
    "CategoryId": 1,
    "Count": 5
  },
  {
    
    "Name": "17801-31090 Air Filter TOYOTA Fortuner",
    "Manufacture": "WSL",
    "ModelNumber": "17801-31090",
    "Details": "High Quality Brand",
    "ImgPath": "/img/1_2_1.webp",
    "Price": 225,
    "BrandId": 3,
    "CategoryId": 2,
    "Count": 5
  },
  {
    
    "Name": "Oil Filter Toyota Original 2008-2013",
    "Manufacture": "210",
    "ModelNumber": "90915-YZZJ1",
    "Details": "An oil filter is a filter designed to remove contaminants from engine oil",
    "ImgPath": "/img/1_2_2.webp",
    "Price": 210,
    "BrandId": 3,
    "CategoryId": 2,
    "Count": 5
  },
  {
    
    "Name": "Engine-Oil Filter Grid Toyota Corolla",
    "Manufacture": "Toyota Genuine Parts",
    "ModelNumber": "04159-YZZA6",
    "Details": "original Brand",
    "ImgPath": "/img/1_2_3.webp",
    "Price": 310,
    "BrandId": 3,
    "CategoryId": 2,
    "Count": 5
  },
  {
    
    "Name": "BOSCH V-ribbed belt 1987946000",
    "Manufacture": "Bosch",
    "ModelNumber": "1987946000",
    "Details": "Number of ribs:6",
    "ImgPath": "/img/2_2_1.webp",
    "Price": 165,
    "BrandId": 3,
    "CategoryId": 3,
    "Count": 5
  },
  {
    
    "Name": "Timing Belt Toyota",
    "Manufacture": "Original",
    "ModelNumber": "13568-39016",
    "Details": "original Brand",
    "ImgPath": "/img/2_2_2.webp",
    "Price": 625,
    "BrandId": 3,
    "CategoryId": 3,
    "Count": 5
  },
  {
    
    "Name": "BELT, V FOR FAN \u0026 ALTERNATOR 2kd Toyota fortuner / HILUX",
    "Manufacture": "Original",
    "ModelNumber": "90916-T2006",
    "Details": "original Brand ",
    "ImgPath": "/img/2_2_3.webp",
    "Price": 312,
    "BrandId": 3,
    "CategoryId": 3,
    "Count": 5
  },
  {
    
    "Name": "Pulley, alternator Toyota fortuner 2005-2016 ",
    "Manufacture": "Original",
    "ModelNumber": "27411-0C020",
    "Details": "original",
    "ImgPath": "/img/3_2_1.webp",
    "Price": 275,
    "BrandId": 3,
    "CategoryId": 4,
    "Count": 5
  },
  {
    
    "Name": "Front wheel Bearing ABS Toyota Yaris 2007-2014",
    "Manufacture": "TJB",
    "ModelNumber": "TJB",
    "Details": "Original Brand",
    "ImgPath": "/img/3_2_2.webp",
    "Price": 330,
    "BrandId": 3,
    "CategoryId": 4,
    "Count": 5
  },
  {
    
    "Name": "PULLEY TENSIONER KIT. Febest Toyota fortuner 2005-2016",
    "Manufacture": "Original",
    "ModelNumber": "88440-0K382",
    "Details": "Original Brand",
    "ImgPath": "/img/3_2_3.webp",
    "Price": 1179,
    "BrandId": 3,
    "CategoryId": 4,
    "Count": 5
  },
  {
    
    "Name": "Radiator Cap Oem Toyota 2005-2013",
    "Manufacture": "116",
    "ModelNumber": "16401-0h060",
    "Details": "Brand original",
    "ImgPath": "/img/4_2_1.webp",
    "Price": 116,
    "BrandId": 3,
    "CategoryId": 5,
    "Count": 5
  },
  {
    
    "Name": "Radiator Cooling Fan Toyota Yaris 2007 / 2014",
    "Manufacture": "Taiwan",
    "ModelNumber": "CL-4180D",
    "Details": "Made in Taiwan",
    "ImgPath": "/img/4_2_2.webp",
    "Price": 840,
    "BrandId": 3,
    "CategoryId": 5,
    "Count": 5
  },
  {
    
    "Name": "SEAL, RADIATOR SIDE AIR, NO.2 Toyota \u0650Yaris 2014-2018",
    "Manufacture": "Original",
    "ModelNumber": "53286-0D180",
    "Details": "Original Brand",
    "ImgPath": "/img/4_2_3.webp",
    "Price": 425,
    "BrandId": 3,
    "CategoryId": 5,
    "Count": 5
  },
  {
    
    "Name": "Pair Front Shock Absorber Monroe Original KIA SORENTO",
    "Manufacture": "MONROE\u00AE",
    "ModelNumber": "D8026",
    "Details": "Shock Absorber Type Gas Pressure ,Shock Absorber Design\tSpring-bearing Damper",
    "ImgPath": "/img/0_5_1.webp",
    "Price": 1700,
    "BrandId": 1,
    "CategoryId": 6,
    "Count": 3
  },
  {
    
    "Name": "Original HSC Rear Wheel Hub New Accent-Getz-Picanto-RIO-i10",
    "Manufacture": "HSC",
    "ModelNumber": "H9007",
    "Details": "Fitting Position\tRear Axle left and right Weight",
    "ImgPath": "/img/0_5_2.webp",
    "Price": 835,
    "BrandId": 1,
    "CategoryId": 6,
    "Count": 6
  },
  {
    
    "Name": "Fujita Set Of Rear Brake Pads KIA - HYUNDAI",
    "Manufacture": "Fujita",
    "ModelNumber": "P1187",
    "Details": "Fujita Brake: Your Lifestyle, Your Pad! If you\u0027re looking for brakes that last longer, wear better.",
    "ImgPath": "/img/0_5_3.webp",
    "Price": 230,
    "BrandId": 1,
    "CategoryId": 6,
    "Count": 5
  },
  {
    
    "Name": "ATC Water Pump - OEM 25100-26900",
    "Manufacture": "ATC",
    "ModelNumber": "ATW1010",
    "Details": "specializing in producing water pumps, oil pumps and damper pulleys and thermostat which are important engine parts for automobiles.",
    "ImgPath": "/img/0_6_1.webp",
    "Price": 250,
    "BrandId": 1,
    "CategoryId": 7,
    "Count": 9
  },
  {
    
    "Name": "Original Right Engine Mount Kia Picanto 2004 / 2011",
    "Manufacture": "Mobis",
    "ModelNumber": "32021",
    "Details": "Original Right Engine Mount Kia Picanto 2004 / 2011",
    "ImgPath": "/img/0_6_2.webp",
    "Price": 850,
    "BrandId": 1,
    "CategoryId": 7,
    "Count": 8
  },
  {
    
    "Name": "Engine Rear Mount Tensioner",
    "Manufacture": "Yangji",
    "ModelNumber": "13194",
    "Details": "Engine Rear Mount Tensioner Kia Cerato 2014-2018",
    "ImgPath": "/img/0_6_3.webp",
    "Price": 450,
    "BrandId": 1,
    "CategoryId": 7,
    "Count": 7
  },
  {
    
    "Name": "SD1087 - Hi-Q - Pair Of Brake Disc Accent RB- HCI- Solaris- Rio",
    "Manufacture": "Hi-Q",
    "ModelNumber": "SD1087",
    "Details": "Fitting Position: Rear Axle",
    "ImgPath": "/img/0_7_1.webp",
    "Price": 500,
    "BrandId": 1,
    "CategoryId": 8,
    "Count": 11
  },
  {
    
    "Name": "Fujita Set Of Rear Brake Pads KIA - HYUNDAI",
    "Manufacture": "Fujita",
    "ModelNumber": "1187",
    "Details": "Fujita Brake: Your Lifestyle, Your Pad! If you\u0027re looking for brakes that last longer",
    "ImgPath": "/img/0_7_2.webp",
    "Price": 230,
    "BrandId": 1,
    "CategoryId": 8,
    "Count": 1
  },
  {
    
    "Name": "Right and left mirrors set Hyundai Grand i10 2015",
    "Manufacture": "YYM",
    "ModelNumber": "YYM001",
    "Details": "Right and left mirrors set Hyundai Grand i10 2015 Made in Taiwan",
    "ImgPath": "/img/0_7_3.webp",
    "Price": 2100,
    "BrandId": 1,
    "CategoryId": 8,
    "Count": 3
  },
  {
    
    "Name": "Pair Front Shock Absorber Mando Gas Hyundai New Accent \u0026Rio",
    "Manufacture": "MANDO",
    "ModelNumber": "EX546501E200",
    "Details": "Manufactured by Mando, shock absorbers with high durability and power are used as original equipments by major manufacturers",
    "ImgPath": "/img/0_8_1.webp",
    "Price": 1300,
    "BrandId": 1,
    "CategoryId": 9,
    "Count": 9
  },
  {
    
    "Name": "Pair Rear Shock Absorber Mando Gas Hyundai New Accent \u0026Rio",
    "Manufacture": "MANDO",
    "ModelNumber": "EX553101E200",
    "Details": "Manufactured by Mando, shock absorbers with high durability and power are used as original equipments by major manufacturers",
    "ImgPath": "/img/0_8_2.webp",
    "Price": 1200,
    "BrandId": 1,
    "CategoryId": 9,
    "Count": 5
  },
  {
    
    "Name": "Pair Front Shock Absorber SK Gas New Accent",
    "Manufacture": "SK",
    "ModelNumber": "SM-SAH391W/SM-SAH387W",
    "Details": " Controls automobile movements and link suspensions",
    "ImgPath": "/img/0_8_3.webp",
    "Price": 1250,
    "BrandId": 1,
    "CategoryId": 9,
    "Count": 2
  },
  {
    
    "Name": "Aerofit Wiper Blade from BOSCH Size 26",
    "Manufacture": "Bosch",
    "ModelNumber": "3397013509R",
    "Details": "Wiper blade type: Flat wiper blade",
    "ImgPath": "/img/0_9_1.webp",
    "Price": 85,
    "BrandId": 1,
    "CategoryId": 10,
    "Count": 5
  },
  {
    
    "Name": "BOSCH Twin Rear Wiper Blade 3397004755",
    "Manufacture": "Bosch",
    "ModelNumber": "3397004755",
    "Details": "Wiper blade type:Standard",
    "ImgPath": "/img/0_9_2.webp",
    "Price": 120,
    "BrandId": 1,
    "CategoryId": 10,
    "Count": 7
  },
  {
    
    "Name": "BOSCH ECO Front Wiper Blade 21",
    "Manufacture": "Bosch",
    "ModelNumber": "3397011530",
    "Details": "ASIN B00EOU4VV6",
    "ImgPath": "/img/0_9_3.webp",
    "Price": 85,
    "BrandId": 1,
    "CategoryId": 10,
    "Count": 5
  },
  {
    
    "Name": "Hyundai Accent Brake Master",
    "Manufacture": "MANDO",
    "ModelNumber": "EX5851022310",
    "Details": "Hyundai Accent Brake Master",
    "ImgPath": "/img/1_5_1.webp",
    "Price": 1105,
    "BrandId": 2,
    "CategoryId": 6,
    "Count": 9
  },
  {
    
    "Name": "Front Brake Pad KIA Picanto / HYUNDAI i10",
    "Manufacture": "GTIX",
    "ModelNumber": "58101 07A00",
    "Details": "Fitting Position: Front Axle",
    "ImgPath": "/img/1_5_2.webp",
    "Price": 200,
    "BrandId": 2,
    "CategoryId": 6,
    "Count": 14
  },
  {
    
    "Name": "Hi-Q Pair Of Inner Tie Rod Accent-Excel",
    "Manufacture": "Hi-Q",
    "ModelNumber": "SRKH010",
    "Details": "Fitting Position:Front axle both sides",
    "ImgPath": "/img/1_5_3.webp",
    "Price": 300,
    "BrandId": 2,
    "CategoryId": 6,
    "Count": 8
  },
  {
    
    "Name": "Cylinder Head Gasket",
    "Manufacture": "Autox-Metal",
    "ModelNumber": "26077",
    "Details": "Brand AUTOX-METAL High Quality",
    "ImgPath": "/img/1_6_1.webp",
    "Price": 310,
    "BrandId": 2,
    "CategoryId": 7,
    "Count": 6
  },
  {
    
    "Name": "Original Water Pump HYUNDAI",
    "Manufacture": "HYUNDAI Genuine Parts",
    "ModelNumber": "2510026902",
    "Details": "we offer after-sales service ranging from regular maintenance to spare parts supply at our continuously expanding service center network.",
    "ImgPath": "/img/1_6_2.webp",
    "Price": 1475,
    "BrandId": 2,
    "CategoryId": 7,
    "Count": 3
  },
  {
    
    "Name": "ATC Oil Pump - OEM 21310-22650 Verna 1500CC",
    "Manufacture": "ATC",
    "ModelNumber": "AOK1021",
    "Details": "Rotor is a most important part in oil pump. We use rotor with OEM brand.",
    "ImgPath": "/img/1_6_3.webp",
    "Price": 750,
    "BrandId": 2,
    "CategoryId": 7,
    "Count": 7
  },
  {
    
    "Name": "Fujita Set Of Rear Brake Pads KIA - HYUNDAI",
    "Manufacture": "Fujita",
    "ModelNumber": "P1187",
    "Details": "Fujita Brake: Your Lifestyle, Your Pad! If you\u0027re looking for brakes that last longer",
    "ImgPath": "/img/1_7_1.webp",
    "Price": 230,
    "BrandId": 2,
    "CategoryId": 8,
    "Count": 5
  },
  {
    
    "Name": "SD1001 - Hi-Q - Pair Of Brake Disc Hyundai Excel - Accent I",
    "Manufacture": "Hi-Q",
    "ModelNumber": "SD1001",
    "Details": "Fitting Position: Front Axle",
    "ImgPath": "/img/1_7_2.webp",
    "Price": 500,
    "BrandId": 2,
    "CategoryId": 8,
    "Count": 7
  },
  {
    
    "Name": "Fujita Set Of Front Brake Pads SPORTAGE - IX35",
    "Manufacture": "Fujita",
    "ModelNumber": "P1196",
    "Details": "wear better, and produce less noise and dust",
    "ImgPath": "/img/1_7_3.webp",
    "Price": 370,
    "BrandId": 2,
    "CategoryId": 8,
    "Count": 11
  },
  {
    
    "Name": "Pair Rear Shock Absorber Monroe Original HYUNDAI Accent/Verna Re",
    "Manufacture": "MONROE\u00AE",
    "ModelNumber": "E4036",
    "Details": "Gas Pressure",
    "ImgPath": "/img/1_8_1.webp",
    "Price": 1800,
    "BrandId": 2,
    "CategoryId": 9,
    "Count": 2
  },
  {
    
    "Name": "Pair Front Shock Absorber Mando Gas Hyundai New Accent \u0026Rio",
    "Manufacture": "MANDO",
    "ModelNumber": "EX546501E200",
    "Details": "Manufactured by Mando, shock absorbers with high durability and powe",
    "ImgPath": "/img/1_8_2.webp",
    "Price": 1300,
    "BrandId": 2,
    "CategoryId": 9,
    "Count": 9
  },
  {
    
    "Name": "Pair Rear Shock Absorber Mando Gas Hyundai i10",
    "Manufacture": "MANDO",
    "ModelNumber": "A16200",
    "Details": "Manufactured by Mando, shock absorbers with high durability ",
    "ImgPath": "/img/1_8_3.webp",
    "Price": 1000,
    "BrandId": 2,
    "CategoryId": 9,
    "Count": 5
  },
  {
    
    "Name": "BOSCH Aerotwin Wiper Blade Front 3397006837",
    "Manufacture": "Bosch",
    "ModelNumber": "3397006837",
    "Details": "Product line:Aerotwin",
    "ImgPath": "/img/1_9_1.webp",
    "Price": 335,
    "BrandId": 2,
    "CategoryId": 10,
    "Count": 5
  },
  {
    
    "Name": "Aerofit Wiper Blade from BOSCH Size 26",
    "Manufacture": "Bosch",
    "ModelNumber": "3397013509R",
    "Details": "Wiper blade type: Flat wiper blade",
    "ImgPath": "/img/1_9_2.webp",
    "Price": 85,
    "BrandId": 2,
    "CategoryId": 10,
    "Count": 7
  },
  {
    
    "Name": "BOSCH Twin Rear Wiper Blade 3397004755",
    "Manufacture": "Bosch",
    "ModelNumber": "3397004755",
    "Details": "Wiper blade type:Standard",
    "ImgPath": "/img/1_9_3.webp",
    "Price": 120,
    "BrandId": 2,
    "CategoryId": 10,
    "Count": 9
  },
  {
    
    "Name": "RETAINER, REAR AXLE BEARING, INNER RH 4*4 Toyota",
    "Manufacture": "Original",
    "ModelNumber": "42423-0K020",
    "Details": "RETAINER, REAR AXLE BEARING",
    "ImgPath": "/img/2_5_1.webp",
    "Price": 247,
    "BrandId": 3,
    "CategoryId": 6,
    "Count": 8
  },
  {
    
    "Name": "Hi-Q Pair Of Front Stabilizer Link Accent RB-Elantra MD-Veloster-Corolla 2001",
    "Manufacture": "Hi-Q",
    "ModelNumber": "SLKH059",
    "Details": "Fitting Position:Front axle both sides",
    "ImgPath": "/img/2_5_2.webp",
    "Price": 175,
    "BrandId": 3,
    "CategoryId": 6,
    "Count": 5
  },
  {
    
    "Name": "CAM ASSY, CAMBER ADJUST, NO.2 Toyota",
    "Manufacture": "Original",
    "ModelNumber": "48190-0K030",
    "Details": "CAM ASSY, CAMBER ADJUST",
    "ImgPath": "/img/2_5_3.webp",
    "Price": 280,
    "BrandId": 3,
    "CategoryId": 6,
    "Count": 5
  },
  {
    
    "Name": "PIPE SUB-ASSY, INJECTION, NO.3 2kd disel 4v Toyota",
    "Manufacture": "Original",
    "ModelNumber": "23703-0L010",
    "Details": "PIPE SUB-ASSY, INJECTION",
    "ImgPath": "/img/2_6_1.webp",
    "Price": 575,
    "BrandId": 3,
    "CategoryId": 7,
    "Count": 6
  },
  {
    
    "Name": "SEAT, VALVE SPRING petrol Toyota",
    "Manufacture": "Original",
    "ModelNumber": "13734-0C010",
    "Details": " SEAT, VALVE SPRING petrol Toyota hiace 2005-2016",
    "ImgPath": "/img/2_6_2.webp",
    "Price": 25,
    "BrandId": 3,
    "CategoryId": 7,
    "Count": 8
  },
  {
    
    "Name": "PISTON SUB-ASSY, W/PIN 4v 2700cc 2tr std Toyota fortuner",
    "Manufacture": "Original",
    "ModelNumber": "13101-0C020",
    "Details": "original Brand ",
    "ImgPath": "/img/2_6_3.webp",
    "Price": 3900,
    "BrandId": 3,
    "CategoryId": 7,
    "Count": 15
  },
  {
    
    "Name": "R Brake Front Brake Pad Set (VW GROUP) RB1789",
    "Manufacture": "R Brake",
    "ModelNumber": "RB1789",
    "Details": "R Brake is a new commercial brand of the Group Icer Brakes launched in the market on the year 2016",
    "ImgPath": "/img/2_7_1.webp",
    "Price": 600,
    "BrandId": 3,
    "CategoryId": 8,
    "Count": 5
  },
  {
    
    "Name": "Fujita Set Of Front Brake Pads TOYOTA COROLLA GULF",
    "Manufacture": "Fujita",
    "ModelNumber": "P2093",
    "Details": "Your Lifestyle, Your Pad! If you\u0027re looking for brakes that last longer, wear better, and produce less noise and dust, then you need Fujita Brake pads for your Car",
    "ImgPath": "/img/2_7_2.webp",
    "Price": 320,
    "BrandId": 3,
    "CategoryId": 8,
    "Count": 9
  },
  {
    
    "Name": "SD4607 - Hi-Q - Pair Of Front Brake Disc Corolla 2015",
    "Manufacture": "Hi-Q",
    "ModelNumber": "SD4607",
    "Details": "Number of bores: 5",
    "ImgPath": "/img/2_7_3.webp",
    "Price": 850,
    "BrandId": 3,
    "CategoryId": 8,
    "Count": 21
  },
  {
    
    "Name": "Pair Front Shock Absorber Monroe Original COROLLA",
    "Manufacture": "MONROE\u00AE",
    "ModelNumber": "G8119/G8120",
    "Details": "Gas Pressure",
    "ImgPath": "/img/2_8_1.webp",
    "Price": 2900,
    "BrandId": 3,
    "CategoryId": 9,
    "Count": 11
  },
  {
    
    "Name": "Pair Front Shock Absorber Monroe Original Fiat Punto 1994-1999",
    "Manufacture": "MONROE\u00AE",
    "ModelNumber": "E4259",
    "Details": "Pair Front Shock Absorber Monroe Original Fiat Punto 1994-1999",
    "ImgPath": "/img/2_8_2.webp",
    "Price": 1450,
    "BrandId": 3,
    "CategoryId": 9,
    "Count": 22
  },
  {
    
    "Name": "Pair Rear SACHS Shock Absorber 310 984 BMW E81 - E87",
    "Manufacture": "Sachs",
    "ModelNumber": "310 984",
    "Details": "Shock Absorber Type:Gas Pressure",
    "ImgPath": "/img/2_8_3.webp",
    "Price": 2200,
    "BrandId": 3,
    "CategoryId": 9,
    "Count": 8
  },
  {
    
    "Name": "Aerofit Wiper Blade from BOSCH Size 26",
    "Manufacture": "Bosch",
    "ModelNumber": "3397013509R",
    "Details": "Wiper blade type: Flat wiper blade",
    "ImgPath": "/img/2_9_1.webp",
    "Price": 85,
    "BrandId": 3,
    "CategoryId": 10,
    "Count": 7
  },
  {
    
    "Name": "BOSCH Twin Rear Wiper Blade 3397004755",
    "Manufacture": "Bosch",
    "ModelNumber": "3397004755",
    "Details": "Product line:Twin Rear",
    "ImgPath": "/img/2_9_2.webp",
    "Price": 120,
    "BrandId": 3,
    "CategoryId": 10,
    "Count": 2
  },
  {
    
    "Name": "BOSCH Twin Wiper Blade size 22-22 inch 3397118420",
    "Manufacture": "Bosch",
    "ModelNumber": "3397118420b",
    "Details": "Product line:Twin",
    "ImgPath": "/img/2_9_3.webp",
    "Price": 425,
    "BrandId": 3,
    "CategoryId": 10,
    "Count": 6
  },
  {
    
    "Name": "Right Rear Light Mercedes W204 2006-2010",
    "Manufacture": "Depo",
    "ModelNumber": "340-1908R-UE",
    "Details": "Depo high quality",
    "ImgPath": "/img/0_3_1.webp",
    "Price": 2000,
    "BrandId": 4,
    "CategoryId": 1,
    "Count": 5
  },
  {
    
    "Name": "HOOD BONNET GAS SPRING BMW E30",
    "Manufacture": "ONCULER",
    "ModelNumber": "O 1191",
    "Details": "Made in Turkey",
    "ImgPath": "/img/0_3_2.webp",
    "Price": 500,
    "BrandId": 4,
    "CategoryId": 1,
    "Count": 2
  },
  {
    
    "Name": "Original Lower Grille Mitsubishi Attrage 2014 / 2016",
    "Manufacture": "Mitsubishi Genuine Parts",
    "ModelNumber": "6402A268",
    "Details": "Brand Mitsubishi Genuine Parts",
    "ImgPath": "/img/0_3_3.webp",
    "Price": 940,
    "BrandId": 4,
    "CategoryId": 1,
    "Count": 7
  },
  {
    
    "Name": "Original Fuel Filter Mitsubishi Galant 1998 / 2001",
    "Manufacture": "Mitsubishi Genuine Parts",
    "ModelNumber": "MB433774",
    "Details": "Brand Mitsubishi Genuine Parts",
    "ImgPath": "/img/1_3_1.webp",
    "Price": 65,
    "BrandId": 4,
    "CategoryId": 2,
    "Count": 8
  },
  {
    
    "Name": "ELEMENT SUB-ASSY, FUEL FILTER Toyota Coaster 1998-2006",
    "Manufacture": "Original",
    "ModelNumber": "23303-64010-00",
    "Details": "original Brand",
    "ImgPath": "/img/1_3_2.webp",
    "Price": 315,
    "BrandId": 4,
    "CategoryId": 2,
    "Count": 5
  },
  {
    
    "Name": "ELEMENT KIT, OIL FILTER rep 04152-YZZA5 Toyota Prado 2005-2016",
    "Manufacture": "Original",
    "ModelNumber": "04152-38010",
    "Details": "original Brand",
    "ImgPath": "/img/1_3_3.webp",
    "Price": 345,
    "BrandId": 4,
    "CategoryId": 2,
    "Count": 3
  },
  {
    
    "Name": "BOSCH V-ribbed belt 1987948304",
    "Manufacture": "Bosch",
    "ModelNumber": "1987948304",
    "Details": "ribs:6",
    "ImgPath": "/img/2_3_1.webp",
    "Price": 180,
    "BrandId": 4,
    "CategoryId": 3,
    "Count": 8
  },
  {
    
    "Name": "Bosch Timing Belt 123 Teeth",
    "Manufacture": "Bosch",
    "ModelNumber": "1987949020",
    "Details": "Weight 0.146 kg",
    "ImgPath": "/img/2_3_2.webp",
    "Price": 145,
    "BrandId": 4,
    "CategoryId": 3,
    "Count": 2
  },
  {
    
    "Name": "Bosch Alternator Belt 7PK1575",
    "Manufacture": "Bosch",
    "ModelNumber": "1987946092",
    "Details": "Weight 1 kg",
    "ImgPath": "/img/2_3_3.webp",
    "Price": 240,
    "BrandId": 4,
    "CategoryId": 3,
    "Count": 7
  },
  {
    
    "Name": "Wheel Bearing Nissan sunny 1999-2000",
    "Manufacture": "TJB",
    "ModelNumber": "38BWD12CA133-SD",
    "Details": "Wheel Bearing Nissan sunny 1999-2000",
    "ImgPath": "/img/3_3_1.webp",
    "Price": 225,
    "BrandId": 4,
    "CategoryId": 4,
    "Count": 9
  },
  {
    
    "Name": "KIA CARENS A GENUINE Front Wheel Bearing",
    "Manufacture": "parts mall",
    "ModelNumber": "DR0190",
    "Details": "KIA CARENS A GENUINE Front Wheel Bearing",
    "ImgPath": "/img/3_3_2.webp",
    "Price": 660,
    "BrandId": 4,
    "CategoryId": 4,
    "Count": 6
  },
  {
    
    "Name": "Condenser A/C kia Cerato 2013-2017",
    "Manufacture": "Hanon",
    "ModelNumber": "x206",
    "Details": "Made in Korea High Quality",
    "ImgPath": "/img/4_3_1.webp",
    "Price": 1350,
    "BrandId": 4,
    "CategoryId": 4,
    "Count": 4
  },
  {
    
    "Name": "NISSENS Oil Cooler, engine oil 90777",
    "Manufacture": "NISSENS",
    "ModelNumber": "90777",
    "Details": "weight:0.50 kg",
    "ImgPath": "/img/4_3_2.webp",
    "Price": 725,
    "BrandId": 4,
    "CategoryId": 4,
    "Count": 2
  },
  {
    
    "Name": "Condenser A/C kia Cerato 2013-2017",
    "Manufacture": "Hanon",
    "ModelNumber": "x206",
    "Details": "weight:2.80 kg",
    "ImgPath": "/img/4_3_3.webp",
    "Price": 1350,
    "BrandId": 4,
    "CategoryId": 4,
    "Count": 3
  },
  {
    
    "Name": "NISSENS Condenser, air conditioning 94910",
    "Manufacture": "NISSENS",
    "ModelNumber": "94910",
    "Details": "weight:2.80 kg",
    "ImgPath": "/img/4_3_4.webp",
    "Price": 1650,
    "BrandId": 4,
    "CategoryId": 5,
    "Count": 4
  },
  {
    
    "Name": "Right Rear Light Skoda Octavia A7 2014-2017",
    "Manufacture": "Depo",
    "ModelNumber": "665-1928R-UE",
    "Details": "Depo Taiwan",
    "ImgPath": "/img/0_4_1.webp",
    "Price": 900,
    "BrandId": 5,
    "CategoryId": 1,
    "Count": 1
  },
  {
    
    "Name": "Front Left Headlight Skoda Felicia 1998-2002",
    "Manufacture": "Depo",
    "ModelNumber": "665-1103L-LD-EM",
    "Details": "High Quality",
    "ImgPath": "/img/0_4_2.webp",
    "Price": 520,
    "BrandId": 5,
    "CategoryId": 1,
    "Count": 2
  },
  {
    
    "Name": "Front left Fender Skoda Octavia A7 2016 / 2018",
    "Manufacture": "Taiwan",
    "ModelNumber": "SD2402AL",
    "Details": "Made in Taiwan",
    "ImgPath": "/img/0_4_3.webp",
    "Price": 1045,
    "BrandId": 5,
    "CategoryId": 1,
    "Count": 3
  },
  {
    
    "Name": "BOSCH Oil Filter 0451103318",
    "Manufacture": "Bosch",
    "ModelNumber": "0451103318",
    "Details": "Screw-on Filter",
    "ImgPath": "/img/1_4_1.webp",
    "Price": 120,
    "BrandId": 5,
    "CategoryId": 2,
    "Count": 8
  },
  {
    
    "Name": "BOSCH Fuel filter 6 bar 0450905959",
    "Manufacture": "Bosch",
    "ModelNumber": "0451103318",
    "Details": "Petrol Injection",
    "ImgPath": "/img/1_4_2.webp",
    "Price": 950,
    "BrandId": 5,
    "CategoryId": 2,
    "Count": 2
  },
  {
    
    "Name": "BOSCH Pollen filter 1987432543",
    "Manufacture": "Bosch",
    "ModelNumber": "1987432543",
    "Details": "Charcoal Filter",
    "ImgPath": "/img/1_4_3.webp",
    "Price": 220,
    "BrandId": 5,
    "CategoryId": 2,
    "Count": 3
  },
  {
    
    "Name": "BOSCH Timing Belt 1987949684",
    "Manufacture": "Bosch",
    "ModelNumber": "1987949684",
    "Details": "Teeth:163",
    "ImgPath": "/img/2_4_1.webp",
    "Price": 500,
    "BrandId": 5,
    "CategoryId": 3,
    "Count": 9
  },
  {
    
    "Name": "Bosch Alternator \u0026 Power Steering Belt 6PK1080",
    "Manufacture": "Bosch",
    "ModelNumber": "1987947842",
    "Details": "Ribs 6",
    "ImgPath": "/img/2_4_2.webp",
    "Price": 125,
    "BrandId": 5,
    "CategoryId": 3,
    "Count": 5
  },
  {
    
    "Name": "BOSCH V-ribbed belt 1987946000",
    "Manufacture": "Bosch",
    "ModelNumber": "1987946000",
    "Details": "ribs 6",
    "ImgPath": "/img/2_4_3.webp",
    "Price": 165,
    "BrandId": 5,
    "CategoryId": 3,
    "Count": 3
  },
  {
    
    "Name": "LEMFOERDER Control Arm Bearing Kit 2PCs 21113 01",
    "Manufacture": "LEMFOERDER",
    "ModelNumber": "21113 01",
    "Details": "Mounting Type:Rubber-Metal Mount",
    "ImgPath": "/img/3_4_2.webp",
    "Price": 220,
    "BrandId": 5,
    "CategoryId": 4,
    "Count": 2
  },
  {
    
    "Name": "SACHS Clutch Kit Octavia A5",
    "Manufacture": "Sachs",
    "ModelNumber": "3000 950 019",
    "Details": "Teeth 28",
    "ImgPath": "/img/3_4_1.webp",
    "Price": 2300,
    "BrandId": 5,
    "CategoryId": 4,
    "Count": 9
  },
  {
    
    "Name": "Original Tensioner Bearing New Fabia - Superb",
    "Manufacture": "Skoda Genuine Parts",
    "ModelNumber": "03C145299Q",
    "Details": "Material:Plastic",
    "ImgPath": "/img/3_4_3.webp",
    "Price": 1815,
    "BrandId": 5,
    "CategoryId": 4,
    "Count": 3
  },
  {
    
    "Name": "A/C FAN SKODA Octavia - Volkswagen",
    "Manufacture": "China",
    "ModelNumber": "O 7369",
    "Details": "Made In Turkey",
    "ImgPath": "/img/4_4_1.webp",
    "Price": 1080,
    "BrandId": 5,
    "CategoryId": 5,
    "Count": 4
  },
  {
    
    "Name": "NISSENS Oil Cooler, engine oil 90606",
    "Manufacture": "NISSENS",
    "ModelNumber": "90606",
    "Details": "Aluminium",
    "ImgPath": "/img/4_4_2.webp",
    "Price": 550,
    "BrandId": 5,
    "CategoryId": 5,
    "Count": 2
  },
  {
    
    "Name": "NISSENS Fan, radiator 85684",
    "Manufacture": "NISSENS",
    "ModelNumber": "85684",
    "Details": "Power:96W",
    "ImgPath": "/img/4_4_3.webp",
    "Price": 750,
    "BrandId": 5,
    "CategoryId": 5,
    "Count": 3
  },
  {
    
    "Name": "Front Right Headlight Nissan Sunny N17 2013-2018",
    "Manufacture": "Depo",
    "ModelNumber": "115-1133R-LD-EM",
    "Details": "Depo high quality",
    "ImgPath": "/img/0_5_1.webp",
    "Price": 1300,
    "BrandId": 6,
    "CategoryId": 1,
    "Count": 6
  },
  {
    
    "Name": "Set Fog Lamp Nissan Sunny 2013-2014",
    "Manufacture": "CARRI",
    "ModelNumber": "TB847NS",
    "Details": "Brand Chinese High Quality",
    "ImgPath": "/img/0_5_2.webp",
    "Price": 520,
    "BrandId": 6,
    "CategoryId": 1,
    "Count": 2
  },
  {
    
    "Name": "Left Side Mirror Cover Nissan Sunny 2001 / 2016",
    "Manufacture": "Taiwan",
    "ModelNumber": "YY-408CL",
    "Details": "Brand High Quality",
    "ImgPath": "/img/0_5_3.webp",
    "Price": 108,
    "BrandId": 6,
    "CategoryId": 1,
    "Count": 3
  },
  {
    
    "Name": "Oil Filter Mazda 3 / 2011-2014",
    "Manufacture": "PHG",
    "ModelNumber": "DAE-M-DL4610-K",
    "Details": "Oil Filter Mazda 3 / 2011-2014",
    "ImgPath": "/img/1_5_1.webp",
    "Price": 55,
    "BrandId": 6,
    "CategoryId": 2,
    "Count": 7
  },
  {
    
    "Name": "Air Filter Nissan Sunny N16 2001-2014",
    "Manufacture": "Onnur",
    "ModelNumber": "MIC-N-AV-3738-Y",
    "Details": "Air Filter Nissan Sunny n16 2001-2014",
    "ImgPath": "/img/1_5_2.webp",
    "Price": 95,
    "BrandId": 6,
    "CategoryId": 2,
    "Count": 2
  },
  {
    
    "Name": "Air Filter Original Nissan Juke / SENTRA",
    "Manufacture": "Nissan Genuine Parts",
    "ModelNumber": "16546JG30A",
    "Details": "Original Product From Nissan Made In Japan",
    "ImgPath": "/img/1_5_3.webp",
    "Price": 420,
    "BrandId": 6,
    "CategoryId": 2,
    "Count": 3
  },
  {
    
    "Name": "BOSCH V-ribbed belt 1987948435",
    "Manufacture": "Bosch",
    "ModelNumber": "1987948435",
    "Details": "ribs 6",
    "ImgPath": "/img/2_5_1.webp",
    "Price": 165,
    "BrandId": 6,
    "CategoryId": 3,
    "Count": 1
  },
  {
    
    "Name": "Bosch V-Ribbed Belt 6PK2245",
    "Manufacture": "Bosch",
    "ModelNumber": "1987946105",
    "Details": "Ribs 6",
    "ImgPath": "/img/2_5_2.webp",
    "Price": 325,
    "BrandId": 6,
    "CategoryId": 3,
    "Count": 2
  },
  {
    
    "Name": "Alternator Belt Original Nissan Sunny N16",
    "Manufacture": "Nissan Genuine Parts",
    "ModelNumber": "1195067S01",
    "Details": "Original Product From Nissan Made In Japan",
    "ImgPath": "/img/2_5_3.webp",
    "Price": 420,
    "BrandId": 6,
    "CategoryId": 3,
    "Count": 3
  },
  {
    
    "Name": "Original Tensioner Bearing Timming belt Nissan",
    "Manufacture": "Nissan Genuine Parts",
    "ModelNumber": "119271HC0D",
    "Details": "Genuine Product",
    "ImgPath": "/img/3_5_1.webp",
    "Price": 900,
    "BrandId": 6,
    "CategoryId": 4,
    "Count": 9
  },
  {
    
    "Name": "Front wheel Bearing Original Nissan Sunny N17 2012-2019",
    "Manufacture": "Nissan Genuine Parts",
    "ModelNumber": "402101HA9D",
    "Details": "Original Product From Nissan Made In Japan",
    "ImgPath": "/img/3_5_2.webp",
    "Price": 660,
    "BrandId": 6,
    "CategoryId": 4,
    "Count": 2
  },
  {
    
    "Name": "Rear wheel Bearing Original Nissan Sunny N17 2012-2019",
    "Manufacture": "Nissan Genuine Parts",
    "ModelNumber": "432101HA9D",
    "Details": "Original Product From Nissan Made In Japan",
    "ImgPath": "/img/3_5_3.webp",
    "Price": 450,
    "BrandId": 6,
    "CategoryId": 4,
    "Count": 3
  },
  {
    
    "Name": "Radiator Cooling Fan Nissan 2001 / 2016",
    "Manufacture": "Taiwan",
    "ModelNumber": "CL-4116",
    "Details": "Brand High Quality",
    "ImgPath": "/img/4_5_1.webp",
    "Price": 995,
    "BrandId": 6,
    "CategoryId": 5,
    "Count": 7
  },
  {
    
    "Name": "Radiator Cooling Fan Nissan Sentra 2015 / 2018",
    "Manufacture": "Taiwan",
    "ModelNumber": "CL-4116D3",
    "Details": "Brand High Quality",
    "ImgPath": "/img/4_5_2.webp",
    "Price": 1380,
    "BrandId": 6,
    "CategoryId": 5,
    "Count": 2
  },
  {
    
    "Name": "Radiator Fan Guard Nissan sunny N17 2013 / 2018",
    "Manufacture": "Taiwan",
    "ModelNumber": "CL-4116D1-S",
    "Details": "Brand High Quality",
    "ImgPath": "/img/4_5_3.webp",
    "Price": 315,
    "BrandId": 6,
    "CategoryId": 5,
    "Count": 3
  }
]